Die häufigsten Seiten,Klicks,Impressionen,CTR,Position
https://www.ronki.de/ratgeber/morgenroutine-grundschulkind,5,75,6.67%,6.47
https://www.ronki.de/,4,92,4.35%,6.6
https://www.ronki.de/en,2,788,0.25%,6.98
https://www.ronki.de/ratgeber/abendroutine-grundschulkind,1,138,0.72%,38.26
https://www.ronki.de/fuer-eltern,1,131,0.76%,50.92
https://www.ronki.de/vorlagen/morgenroutine,1,11,9.09%,14.64
https://www.ronki.de/tools,1,1,100%,2
https://www.ronki.de/ratgeber/morgen-troedeln,0,96,0%,30.64
https://www.ronki.de/installieren,0,63,0%,16.37
https://www.ronki.de/vorlagen/abendroutine,0,17,0%,7
https://www.ronki.de/faq,0,15,0%,23.93
https://www.ronki.de/wie-es-funktioniert,0,11,0%,5.36
https://www.ronki.de/drachen-sammelkarten,0,11,0%,27.27
https://www.ronki.de/wissenschaft,0,8,0%,9.12
https://app.ronki.de/?compendium=1,0,8,0%,45
https://www.ronki.de/ratgeber/zaehneputzen-ohne-streit,0,7,0%,8
https://www.ronki.de/ratgeber/was-kinder-apps-machen,0,6,0%,9.17
https://www.ronki.de/ratgeber/dark-patterns-kinder-apps,0,5,0%,4.6
https://www.ronki.de/datenschutz,0,5,0%,4.8
https://www.ronki.de/ratgeber/sticker-chart-alternative,0,5,0%,5.8
https://www.ronki.de/ratgeber,0,5,0%,47.6
https://www.ronki.de/impressum,0,4,0%,24.25
https://www.ronki.de/ratgeber/einschulung-selbststaendigkeit,0,3,0%,13.67
https://www.ronki.de/agb,0,3,0%,54.67
https://www.ronki.de/mitmachen,0,2,0%,12.5
https://www.ronki.de/tools/app-check,0,2,0%,20
https://www.ronki.de/vorlagen,0,2,0%,54
https://www.ronki.de/tools/konsolen-check,0,1,0%,3