Häufigste Suchanfragen,Klicks,Impressionen,CTR,Position
ronki,5,614,0.81%,7.13
rknhoki,0,34,0%,12.79
abendroutine kleinkind,0,26,0%,48.54
kleinkind trödelt morgens,0,20,0%,20.85
erziehungsproblem,0,20,0%,51.85
kind trödelt,0,18,0%,41.67
ronkis,0,14,0%,5.71
abendroutine kinder,0,13,0%,92.92
roki,0,12,0%,72
abendroutine für kinder,0,12,0%,92.67
kinder abendroutine,0,10,0%,87
ron ki,0,8,0%,6.88
ruki,0,8,0%,68.5
redkiki,0,7,0%,54.57
ruco krippe,0,6,0%,44.33
korki,0,6,0%,64.5
rknhoki .com/,0,5,0%,11.6
dreki,0,5,0%,74.6
troki,0,4,0%,65.25
kind trödelt morgens,0,3,0%,17.33
morgenroutine vorlage,0,3,0%,29
kirilloid,0,3,0%,55.67
triki,0,3,0%,57.33
glutfunke,0,3,0%,60.67
kniki,0,3,0%,66.67
proki anmeldung,0,3,0%,68.67
kroki,0,3,0%,87
abendroutine vorlage,0,2,0%,10.5
triki trier,0,2,0%,36
kluki,0,2,0%,39
runki,0,2,0%,41
ronk,0,2,0%,52
ronike,0,2,0%,56
rekki,0,2,0%,56.5
zareki,0,2,0%,64
kring,0,2,0%,66.5
proki,0,2,0%,72
kraki,0,2,0%,78.5
rotki,0,2,0%,78.5
kroki bedeutung,0,2,0%,83
runtki,0,1,0%,2
rönki,0,1,0%,5
ronoki,0,1,0%,6
paper io 2 für kinder geeignet,0,1,0%,9
morgenroutine kinder vorlage,0,1,0%,10
runrtki,0,1,0%,10
ronqui,0,1,0%,23
ruki app,0,1,0%,24
ронки,0,1,0%,24
trödelt,0,1,0%,27
draki,0,1,0%,36
ronkeli,0,1,0%,36
triki büro,0,1,0%,38
roki mein freund mit herz und schraube,0,1,0%,42
ruentki,0,1,0%,43
jungs die oki schreiben,0,1,0%,45
röki,0,1,0%,46
schaki,0,1,0%,47
kroki neutraubling,0,1,0%,50
friki deutsch,0,1,0%,51
genki deutsch,0,1,0%,51
luki live,0,1,0%,55
mykorki,0,1,0%,56
roki buch,0,1,0%,57
proki kinderevents gmbh,0,1,0%,60
proki kinderevents,0,1,0%,61
kriki,0,1,0%,63
mykorki de,0,1,0%,66
loki spiele,0,1,0%,69
my korki,0,1,0%,69
rokki,0,1,0%,74
linkki,0,1,0%,77
kurnik deutsch,0,1,0%,81